Designator,Val,Package,Mid X,Mid Y,Rotation,Layer
AE1,Antenna_Shield,Inverted_F_Antenna_2.4Ghz_1.0mmPCB_TI_CC2430DB.pretty,42.925881,-22.315,0.0,top
C1,10uF,C_0402,36.75,-26.75,-90.0,top
C10,10uF,C_0402,17.75,-32.0,0.0,top
C100,10uF,C_0402,49.052481,-80.976566,-90.0,top
C101,10uF,C_0402,52.11952,-98.140766,-100.0,top
C102,10uF,C_0402,57.491699,-110.378239,80.0,top
C103,10uF,C_0402,67.094099,-95.262938,20.0,top
C104,10uF,C_0402,61.61408,-122.250001,90.0,top
C105,10uF,C_0402,72.75,-136.5,-30.0,top
C106,10uF,C_0402,56.25,-144.5,-120.0,top
C107,10uF,C_0402,83.6396,-144.24692,-120.0,top
C108,10uF,C_0402,81.249996,-154.500002,-90.0,top
C109,10uF,C_0402,68.25,-157.25,170.0,top
C11,10uF,C_0402,34.75,-26.75,90.0,top
C110,10uF,C_0402,80.048144,-176.136301,-120.0,top
C111,10uF,C_0402,62.75,-160.5,100.0,top
C112,10uF,C_0402,65.25,-177.231039,150.0,top
C113,10uF,C_0402,41.25,-155.0,-120.0,top
C114,10uF,C_0402,39.75,-169.0,90.0,top
C115,10uF,C_0402,31.0,-164.0,165.0,top
C116,10uF,C_0402,52.5,-181.0,-60.0,top
C117,10uF,C_0402,44.25,-189.0,120.0,top
C118,10uF,C_0402,47.91236,-204.14022,100.0,top
C119,10uF,C_0402,57.5,-181.0,-25.0,top
C12,10uF,C_0402,24.0,-34.5,-90.0,top
C120,10uF,C_0402,56.5,-195.25,-170.0,top
C121,10uF,C_0402,97.25,-177.0,30.0,top
C122,10uF,C_0402,106.888379,-162.784686,-60.0,top
C123,10uF,C_0402,106.75,-186.0,80.0,top
C124,10uF,C_0402,98.32144,-187.912533,-20.0,top
C125,10uF,C_0402,99.5,-200.25,-135.0,top
C126,10uF,C_0402,84.5,-210.5,180.0,top
C127,10uF,C_0402,79.0,-193.0,90.0,top
C128,10uF,C_0402,72.5,-207.75,0.0,top
C129,10uF,C_0402,62.0,-210.5,0.0,top
C13,10uF,C_0402,35.5,-35.5,-90.0,top
C130,10uF,C_0402,81.25,-214.75,-80.0,top
C131,10uF,C_0402,60.5,-215.75,130.0,top
C132,10uF,C_0402,61.25,-221.25,90.0,top
C133,10uF,C_0402,51.75,-224.5,10.0,top
C134,10uF,C_0402,38.75,-220.5,-20.0,top
C135,10uF,C_0402,43.602399,-212.925279,-150.0,top
C136,10uF,C_0402,70.75,-182.75,180.0,top
C137,10uF,C_0402,49.5,-197.0,70.0,top
C138,10uF,C_0402,33.0,-199.75,-45.0,top
C139,10uF,C_0402,41.150433,-200.745847,25.0,top
C14,10uF,C_0402,30.5,-35.5,90.0,top
C15,10uF,C_0402,23.0,-34.5,90.0,top
C16,27pF,C_0402,44.745881,-33.5,90.0,top
C17,27pF,C_0402,42.245881,-29.25,0.0,top
C18,1.5pF,C_0402,38.995881,-27.75,0.0,top
C19,1.5pF,C_0402,38.995881,-24.75,0.0,top
C2,10uF,C_0402,31.25,-30.25,0.0,top
C20,10uF,C_0402,26.0,-32.0,90.0,top
C21,10uF,C_0402,26.0,-34.5,-90.0,top
C3,10uF,C_0402,34.5,-35.5,90.0,top
C4,10uF,C_0402,39.995881,-29.5,180.0,top
C5,10uF,C_0402,22.0,-34.5,-90.0,top
C6,10uF,C_0402,23.0,-32.0,-90.0,top
C7,47uF,C_0805,23.5,-28.95,90.0,top
C8,47uF,C_0805,25.5,-28.95,90.0,top
C9,47uF,C_0805,27.5,-28.95,90.0,top
D1,Green,D_0805,118.75,-66.75,180.0,top
D10,Green,D_0805,118.75,-72.5,180.0,top
D100,WS2812B,LED-SMD_4P-L1.6-W1.5_XL-1615RGBC-WS2812B,50.527348,-81.253845,90.0,top
D101,WS2812B,LED-SMD_4P-L1.6-W1.5_XL-1615RGBC-WS2812B,50.532017,-84.076572,90.0,top
D102,WS2812B,LED-SMD_4P-L1.6-W1.5_XL-1615RGBC-WS2812B,50.758456,-86.793837,100.0,top
D103,WS2812B,LED-SMD_4P-L1.6-W1.5_XL-1615RGBC-WS2812B,51.334261,-89.679724,100.0,top
D104,WS2812B,LED-SMD_4P-L1.6-W1.5_XL-1615RGBC-WS2812B,51.541329,-92.566499,90.0,top
D105,WS2812B,LED-SMD_4P-L1.6-W1.5_XL-1615RGBC-WS2812B,51.212456,-95.392372,80.0,top
D106,WS2812B,LED-SMD_4P-L1.6-W1.5_XL-1615RGBC-WS2812B,50.676514,-98.181704,80.0,top
D107,WS2812B,LED-SMD_4P-L1.6-W1.5_XL-1615RGBC-WS2812B,50.445085,-101.08066,90.0,top
D108,WS2812B,LED-SMD_4P-L1.6-W1.5_XL-1615RGBC-WS2812B,50.630993,-104.168454,100.0,top
D109,WS2812B,LED-SMD_4P-L1.6-W1.5_XL-1615RGBC-WS2812B,48.896703,-107.934398,50.0,top
D110,WS2812B,LED-SMD_4P-L1.6-W1.5_XL-1615RGBC-WS2812B,51.820155,-108.696689,110.0,top
D111,WS2812B,LED-SMD_4P-L1.6-W1.5_XL-1615RGBC-WS2812B,53.678402,-111.285272,140.0,top
D112,WS2812B,LED-SMD_4P-L1.6-W1.5_XL-1615RGBC-WS2812B,56.127953,-109.841004,-100.0,top
D113,WS2812B,LED-SMD_4P-L1.6-W1.5_XL-1615RGBC-WS2812B,57.202817,-107.009734,-120.0,top
D114,WS2812B,LED-SMD_4P-L1.6-W1.5_XL-1615RGBC-WS2812B,58.936349,-104.493173,-130.0,top
D115,WS2812B,LED-SMD_4P-L1.6-W1.5_XL-1615RGBC-WS2812B,60.796372,-102.291895,-130.0,top
D116,WS2812B,LED-SMD_4P-L1.6-W1.5_XL-1615RGBC-WS2812B,62.574765,-100.154299,-130.0,top
D117,WS2812B,LED-SMD_4P-L1.6-W1.5_XL-1615RGBC-WS2812B,64.658874,-98.16798,-140.0,top
D118,WS2812B,LED-SMD_4P-L1.6-W1.5_XL-1615RGBC-WS2812B,67.301047,-96.648326,-160.0,top
D119,WS2812B,LED-SMD_4P-L1.6-W1.5_XL-1615RGBC-WS2812B,69.968697,-95.914319,-170.0,top
D120,WS2812B,LED-SMD_4P-L1.6-W1.5_XL-1615RGBC-WS2812B,72.694175,-95.444175,-170.0,top
D121,WS2812B,LED-SMD_4P-L1.6-W1.5_XL-1615RGBC-WS2812B,75.56263,-94.940955,-170.0,top
D122,WS2812B,LED-SMD_4P-L1.6-W1.5_XL-1615RGBC-WS2812B,78.672983,-94.659499,180.0,top
D123,WS2812B,LED-SMD_4P-L1.6-W1.5_XL-1615RGBC-WS2812B,57.340601,-114.390227,140.0,top
D124,WS2812B,LED-SMD_4P-L1.6-W1.5_XL-1615RGBC-WS2812B,60.036826,-115.974504,160.0,top
D125,WS2812B,LED-SMD_4P-L1.6-W1.5_XL-1615RGBC-WS2812B,62.339886,-117.937629,120.0,top
D126,WS2812B,LED-SMD_4P-L1.6-W1.5_XL-1615RGBC-WS2812B,63.0,-121.1,90.0,top
D127,WS2812B,LED-SMD_4P-L1.6-W1.5_XL-1615RGBC-WS2812B,62.0,-124.5,90.0,top
D128,WS2812B,LED-SMD_4P-L1.6-W1.5_XL-1615RGBC-WS2812B,64.0,-124.5,90.0,top
D129,WS2812B,LED-SMD_4P-L1.6-W1.5_XL-1615RGBC-WS2812B,62.0,-128.0,90.0,top
D130,WS2812B,LED-SMD_4P-L1.6-W1.5_XL-1615RGBC-WS2812B,62.0,-131.0,90.0,top
D131,WS2812B,LED-SMD_4P-L1.6-W1.5_XL-1615RGBC-WS2812B,61.720448,-134.0,80.0,top
D132,WS2812B,LED-SMD_4P-L1.6-W1.5_XL-1615RGBC-WS2812B,60.882166,-136.867833,70.0,top
D133,WS2812B,LED-SMD_4P-L1.6-W1.5_XL-1615RGBC-WS2812B,59.811188,-139.712119,70.0,top
D134,WS2812B,LED-SMD_4P-L1.6-W1.5_XL-1615RGBC-WS2812B,58.753399,-142.55099,70.0,top
D135,WS2812B,LED-SMD_4P-L1.6-W1.5_XL-1615RGBC-WS2812B,57.331273,-145.459858,60.0,top
D136,WS2812B,LED-SMD_4P-L1.6-W1.5_XL-1615RGBC-WS2812B,54.679511,-148.533841,40.0,top
D137,WS2812B,LED-SMD_4P-L1.6-W1.5_XL-1615RGBC-WS2812B,51.900861,-150.390104,20.0,top
D138,WS2812B,LED-SMD_4P-L1.6-W1.5_XL-1615RGBC-WS2812B,48.683253,-151.362073,10.0,top
D139,WS2812B,LED-SMD_4P-L1.6-W1.5_XL-1615RGBC-WS2812B,45.638635,-151.742078,5.0,top
D140,WS2812B,LED-SMD_4P-L1.6-W1.5_XL-1615RGBC-WS2812B,42.51632,-152.483654,20.0,top
D141,WS2812B,LED-SMD_4P-L1.6-W1.5_XL-1615RGBC-WS2812B,39.935289,-154.349518,60.0,top
D142,WS2812B,LED-SMD_4P-L1.6-W1.5_XL-1615RGBC-WS2812B,39.075,-157.25,90.0,top
D143,WS2812B,LED-SMD_4P-L1.6-W1.5_XL-1615RGBC-WS2812B,39.3734,-160.160464,100.0,top
D144,WS2812B,LED-SMD_4P-L1.6-W1.5_XL-1615RGBC-WS2812B,40.084448,-163.165913,105.0,top
D145,WS2812B,LED-SMD_4P-L1.6-W1.5_XL-1615RGBC-WS2812B,40.890552,-165.959088,105.0,top
D146,WS2812B,LED-SMD_4P-L1.6-W1.5_XL-1615RGBC-WS2812B,41.3,-169.075,90.0,top
D147,WS2812B,LED-SMD_4P-L1.6-W1.5_XL-1615RGBC-WS2812B,40.311318,-174.03444,90.0,top
D148,WS2812B,LED-SMD_4P-L1.6-W1.5_XL-1615RGBC-WS2812B,38.075,-169.975,-50.0,top
D149,WS2812B,LED-SMD_4P-L1.6-W1.5_XL-1615RGBC-WS2812B,35.787852,-168.099077,-30.0,top
D150,WS2812B,LED-SMD_4P-L1.6-W1.5_XL-1615RGBC-WS2812B,33.246054,-166.637846,-30.0,top
D151,WS2812B,LED-SMD_4P-L1.6-W1.5_XL-1615RGBC-WS2812B,30.612371,-165.388788,-15.0,top
D152,WS2812B,LED-SMD_4P-L1.6-W1.5_XL-1615RGBC-WS2812B,27.587371,-164.963787,0.0,top
D153,WS2812B,LED-SMD_4P-L1.6-W1.5_XL-1615RGBC-WS2812B,24.735447,-196.075198,180.0,top
D154,WS2812B,LED-SMD_4P-L1.6-W1.5_XL-1615RGBC-WS2812B,27.8238,-196.499079,165.0,top
D155,WS2812B,LED-SMD_4P-L1.6-W1.5_XL-1615RGBC-WS2812B,30.287792,-198.399431,120.0,top
D156,WS2812B,LED-SMD_4P-L1.6-W1.5_XL-1615RGBC-WS2812B,31.948293,-200.690923,135.0,top
D157,WS2812B,LED-SMD_4P-L1.6-W1.5_XL-1615RGBC-WS2812B,26.629486,-203.26708,-175.0,top
D158,WS2812B,LED-SMD_4P-L1.6-W1.5_XL-1615RGBC-WS2812B,29.707926,-203.013655,-175.0,top
D159,WS2812B,LED-SMD_4P-L1.6-W1.5_XL-1615RGBC-WS2812B,35.22632,-201.59624,-160.0,top
D160,WS2812B,LED-SMD_4P-L1.6-W1.5_XL-1615RGBC-WS2812B,37.916321,-200.633652,-160.0,top
D161,WS2812B,LED-SMD_4P-L1.6-W1.5_XL-1615RGBC-WS2812B,40.55509,-199.459126,-155.0,top
D162,WS2812B,LED-SMD_4P-L1.6-W1.5_XL-1615RGBC-WS2812B,43.209088,-198.409446,-165.0,top
D163,WS2812B,LED-SMD_4P-L1.6-W1.5_XL-1615RGBC-WS2812B,46.174139,-198.470623,160.0,top
D164,WS2812B,LED-SMD_4P-L1.6-W1.5_XL-1615RGBC-WS2812B,48.1,-201.2,90.0,top
D165,WS2812B,LED-SMD_4P-L1.6-W1.5_XL-1615RGBC-WS2812B,50.1,-201.2,90.0,top
D166,WS2812B,LED-SMD_4P-L1.6-W1.5_XL-1615RGBC-WS2812B,49.418605,-204.248337,100.0,top
D167,WS2812B,LED-SMD_4P-L1.6-W1.5_XL-1615RGBC-WS2812B,51.25,-206.862628,140.0,top
D168,WS2812B,LED-SMD_4P-L1.6-W1.5_XL-1615RGBC-WS2812B,47.715716,-207.885385,50.0,top
D169,WS2812B,LED-SMD_4P-L1.6-W1.5_XL-1615RGBC-WS2812B,45.507171,-210.059952,40.0,top
D170,WS2812B,LED-SMD_4P-L1.6-W1.5_XL-1615RGBC-WS2812B,42.95885,-211.770159,30.0,top
D171,WS2812B,LED-SMD_4P-L1.6-W1.5_XL-1615RGBC-WS2812B,40.529371,-213.744111,50.0,top
D172,WS2812B,LED-SMD_4P-L1.6-W1.5_XL-1615RGBC-WS2812B,38.75,-216.25,60.0,top
D173,WS2812B,LED-SMD_4P-L1.6-W1.5_XL-1615RGBC-WS2812B,32.5,-218.75,180.0,top
D174,WS2812B,LED-SMD_4P-L1.6-W1.5_XL-1615RGBC-WS2812B,35.5,-218.75,180.0,top
D175,WS2812B,LED-SMD_4P-L1.6-W1.5_XL-1615RGBC-WS2812B,39.132062,-219.324602,160.0,top
D176,WS2812B,LED-SMD_4P-L1.6-W1.5_XL-1615RGBC-WS2812B,41.646405,-220.796965,140.0,top
D177,WS2812B,LED-SMD_4P-L1.6-W1.5_XL-1615RGBC-WS2812B,43.841249,-222.649504,140.0,top
D178,WS2812B,LED-SMD_4P-L1.6-W1.5_XL-1615RGBC-WS2812B,46.110255,-224.563098,140.0,top
D179,WS2812B,LED-SMD_4P-L1.6-W1.5_XL-1615RGBC-WS2812B,48.852285,-225.912439,170.0,top
D180,WS2812B,LED-SMD_4P-L1.6-W1.5_XL-1615RGBC-WS2812B,51.988835,-225.81853,-170.0,top
D181,WS2812B,LED-SMD_4P-L1.6-W1.5_XL-1615RGBC-WS2812B,54.658796,-224.595371,-140.0,top
D182,WS2812B,LED-SMD_4P-L1.6-W1.5_XL-1615RGBC-WS2812B,57.470545,-223.047874,-160.0,top
D183,WS2812B,LED-SMD_4P-L1.6-W1.5_XL-1615RGBC-WS2812B,60.5,-224.75,-90.0,top
D184,WS2812B,LED-SMD_4P-L1.6-W1.5_XL-1615RGBC-WS2812B,60.5,-227.75,-90.0,top
D185,WS2812B,LED-SMD_4P-L1.6-W1.5_XL-1615RGBC-WS2812B,62.5,-227.75,-90.0,top
D186,WS2812B,LED-SMD_4P-L1.6-W1.5_XL-1615RGBC-WS2812B,64.5,-227.75,-90.0,top
D187,WS2812B,LED-SMD_4P-L1.6-W1.5_XL-1615RGBC-WS2812B,64.5,-224.75,-90.0,top
D188,WS2812B,LED-SMD_4P-L1.6-W1.5_XL-1615RGBC-WS2812B,62.574999,-224.775,-90.0,top
D189,WS2812B,LED-SMD_4P-L1.6-W1.5_XL-1615RGBC-WS2812B,64.5,-221.0,-90.0,top
D190,WS2812B,LED-SMD_4P-L1.6-W1.5_XL-1615RGBC-WS2812B,62.5,-221.0,-90.0,top
D191,WS2812B,LED-SMD_4P-L1.6-W1.5_XL-1615RGBC-WS2812B,62.5,-218.0,-90.0,top
D192,WS2812B,LED-SMD_4P-L1.6-W1.5_XL-1615RGBC-WS2812B,64.5,-218.0,-90.0,top
D193,WS2812B,LED-SMD_4P-L1.6-W1.5_XL-1615RGBC-WS2812B,61.5,-215.0,-50.0,top
D194,WS2812B,LED-SMD_4P-L1.6-W1.5_XL-1615RGBC-WS2812B,59.233164,-213.090534,-30.0,top
D195,WS2812B,LED-SMD_4P-L1.6-W1.5_XL-1615RGBC-WS2812B,55.55663,-210.44334,-40.0,top
D196,WS2812B,LED-SMD_4P-L1.6-W1.5_XL-1615RGBC-WS2812B,53.372376,-208.635781,-40.0,top
D197,WS2812B,LED-SMD_4P-L1.6-W1.5_XL-1615RGBC-WS2812B,58.953647,-210.275217,-140.0,top
D198,WS2812B,LED-SMD_4P-L1.6-W1.5_XL-1615RGBC-WS2812B,62.0,-209.25,180.0,top
D199,WS2812B,LED-SMD_4P-L1.6-W1.5_XL-1615RGBC-WS2812B,65.0,-209.25,180.0,top
D2,Red,D_0805,118.75,-64.75,180.0,top
D200,WS2812B,LED-SMD_4P-L1.6-W1.5_XL-1615RGBC-WS2812B,69.5,-209.25,180.0,top
D201,WS2812B,LED-SMD_4P-L1.6-W1.5_XL-1615RGBC-WS2812B,65.866735,-212.203865,70.0,top
D202,WS2812B,LED-SMD_4P-L1.6-W1.5_XL-1615RGBC-WS2812B,64.881384,-215.007018,70.0,top
D203,WS2812B,LED-SMD_4P-L1.6-W1.5_XL-1615RGBC-WS2812B,72.5,-209.25,180.0,top
D204,WS2812B,LED-SMD_4P-L1.6-W1.5_XL-1615RGBC-WS2812B,75.5,-209.25,180.0,top
D205,WS2812B,LED-SMD_4P-L1.6-W1.5_XL-1615RGBC-WS2812B,78.0,-206.75,-90.0,top
D206,WS2812B,LED-SMD_4P-L1.6-W1.5_XL-1615RGBC-WS2812B,78.25,-203.808253,-100.0,top
D207,WS2812B,LED-SMD_4P-L1.6-W1.5_XL-1615RGBC-WS2812B,79.0,-201.033253,-110.0,top
D208,WS2812B,LED-SMD_4P-L1.6-W1.5_XL-1615RGBC-WS2812B,79.7516,-198.285464,-100.0,top
D209,WS2812B,LED-SMD_4P-L1.6-W1.5_XL-1615RGBC-WS2812B,80.2766,-195.560464,-100.0,top
D210,WS2812B,LED-SMD_4P-L1.6-W1.5_XL-1615RGBC-WS2812B,80.475,-192.6,-90.0,top
D211,WS2812B,LED-SMD_4P-L1.6-W1.5_XL-1615RGBC-WS2812B,80.5,-189.725,-90.0,top
D212,WS2812B,LED-SMD_4P-L1.6-W1.5_XL-1615RGBC-WS2812B,80.525,-186.95,-90.0,top
D213,WS2812B,LED-SMD_4P-L1.6-W1.5_XL-1615RGBC-WS2812B,80.5,-184.05,-90.0,top
D214,WS2812B,LED-SMD_4P-L1.6-W1.5_XL-1615RGBC-WS2812B,80.465182,-180.325911,-90.0,top
D215,WS2812B,LED-SMD_4P-L1.6-W1.5_XL-1615RGBC-WS2812B,76.75,-181.5,0.0,top
D216,WS2812B,LED-SMD_4P-L1.6-W1.5_XL-1615RGBC-WS2812B,73.75,-181.5,0.0,top
D217,WS2812B,LED-SMD_4P-L1.6-W1.5_XL-1615RGBC-WS2812B,70.75,-181.5,0.0,top
D218,WS2812B,LED-SMD_4P-L1.6-W1.5_XL-1615RGBC-WS2812B,66.683738,-183.202112,50.0,top
D219,WS2812B,LED-SMD_4P-L1.6-W1.5_XL-1615RGBC-WS2812B,65.11591,-186.109316,75.0,top
D220,WS2812B,LED-SMD_4P-L1.6-W1.5_XL-1615RGBC-WS2812B,63.823189,-188.635279,50.0,top
D221,WS2812B,LED-SMD_4P-L1.6-W1.5_XL-1615RGBC-WS2812B,61.826472,-191.187132,45.0,top
D222,WS2812B,LED-SMD_4P-L1.6-W1.5_XL-1615RGBC-WS2812B,59.375481,-192.960289,30.0,top
D223,WS2812B,LED-SMD_4P-L1.6-W1.5_XL-1615RGBC-WS2812B,56.483253,-193.962073,10.0,top
D224,WS2812B,LED-SMD_4P-L1.6-W1.5_XL-1615RGBC-WS2812B,52.764553,-195.425199,25.0,top
D225,WS2812B,LED-SMD_4P-L1.6-W1.5_XL-1615RGBC-WS2812B,50.433654,-198.191321,70.0,top
D226,WS2812B,LED-SMD_4P-L1.6-W1.5_XL-1615RGBC-WS2812B,46.25696,-194.873601,-60.0,top
D227,WS2812B,LED-SMD_4P-L1.6-W1.5_XL-1615RGBC-WS2812B,44.785289,-192.349519,-60.0,top
D228,WS2812B,LED-SMD_4P-L1.6-W1.5_XL-1615RGBC-WS2812B,43.260288,-189.875481,-60.0,top
D229,WS2812B,LED-SMD_4P-L1.6-W1.5_XL-1615RGBC-WS2812B,41.954377,-187.175861,-70.0,top
D230,WS2812B,LED-SMD_4P-L1.6-W1.5_XL-1615RGBC-WS2812B,41.021219,-184.217025,-75.0,top
D231,WS2812B,LED-SMD_4P-L1.6-W1.5_XL-1615RGBC-WS2812B,40.486345,-181.367074,-85.0,top
D232,WS2812B,LED-SMD_4P-L1.6-W1.5_XL-1615RGBC-WS2812B,40.35,-178.5,-90.0,top
D233,WS2812B,LED-SMD_4P-L1.6-W1.5_XL-1615RGBC-WS2812B,42.81642,-176.8976,170.0,top
D234,WS2812B,LED-SMD_4P-L1.6-W1.5_XL-1615RGBC-WS2812B,45.583922,-177.39206,170.0,top
D235,WS2812B,LED-SMD_4P-L1.6-W1.5_XL-1615RGBC-WS2812B,48.395704,-177.66512,180.0,top
D236,WS2812B,LED-SMD_4P-L1.6-W1.5_XL-1615RGBC-WS2812B,51.296046,-178.166961,160.0,top
D237,WS2812B,LED-SMD_4P-L1.6-W1.5_XL-1615RGBC-WS2812B,53.635359,-180.085733,120.0,top
D238,WS2812B,LED-SMD_4P-L1.6-W1.5_XL-1615RGBC-WS2812B,54.5,-183.75,90.0,top
D239,WS2812B,LED-SMD_4P-L1.6-W1.5_XL-1615RGBC-WS2812B,54.5,-186.5,90.0,top
D240,WS2812B,LED-SMD_4P-L1.6-W1.5_XL-1615RGBC-WS2812B,54.5,-189.25,90.0,top
D241,WS2812B,LED-SMD_4P-L1.6-W1.5_XL-1615RGBC-WS2812B,54.5,-192.0,90.0,top
D242,WS2812B,LED-SMD_4P-L1.6-W1.5_XL-1615RGBC-WS2812B,56.899758,-182.27953,155.0,top
D243,WS2812B,LED-SMD_4P-L1.6-W1.5_XL-1615RGBC-WS2812B,59.640788,-183.298778,165.0,top
D244,WS2812B,LED-SMD_4P-L1.6-W1.5_XL-1615RGBC-WS2812B,62.425807,-184.049626,165.0,top
D245,WS2812B,LED-SMD_4P-L1.6-W1.5_XL-1615RGBC-WS2812B,67.696477,-178.432641,-80.0,top
D246,WS2812B,LED-SMD_4P-L1.6-W1.5_XL-1615RGBC-WS2812B,65.905946,-175.955268,-30.0,top
D247,WS2812B,LED-SMD_4P-L1.6-W1.5_XL-1615RGBC-WS2812B,63.5,-174.25,-40.0,top
D248,WS2812B,LED-SMD_4P-L1.6-W1.5_XL-1615RGBC-WS2812B,61.86845,-171.540249,-80.0,top
D249,WS2812B,LED-SMD_4P-L1.6-W1.5_XL-1615RGBC-WS2812B,61.893605,-168.52369,-100.0,top
D250,WS2812B,LED-SMD_4P-L1.6-W1.5_XL-1615RGBC-WS2812B,62.979699,-165.75263,-120.0,top
D251,WS2812B,LED-SMD_4P-L1.6-W1.5_XL-1615RGBC-WS2812B,64.131662,-162.916516,-100.0,top
D252,WS2812B,LED-SMD_4P-L1.6-W1.5_XL-1615RGBC-WS2812B,64.127351,-159.833172,-80.0,top
D253,WS2812B,LED-SMD_4P-L1.6-W1.5_XL-1615RGBC-WS2812B,63.606956,-156.87181,-80.0,top
D254,WS2812B,LED-SMD_4P-L1.6-W1.5_XL-1615RGBC-WS2812B,61.964058,-152.824282,-50.0,top
D255,WS2812B,LED-SMD_4P-L1.6-W1.5_XL-1615RGBC-WS2812B,60.160721,-150.692672,-50.0,top
D256,WS2812B,LED-SMD_4P-L1.6-W1.5_XL-1615RGBC-WS2812B,58.342743,-148.533402,-50.0,top
D257,WS2812B,LED-SMD_4P-L1.6-W1.5_XL-1615RGBC-WS2812B,64.550694,-127.607212,110.0,top
D258,WS2812B,LED-SMD_4P-L1.6-W1.5_XL-1615RGBC-WS2812B,66.205592,-130.338111,130.0,top
D259,WS2812B,LED-SMD_4P-L1.6-W1.5_XL-1615RGBC-WS2812B,68.591168,-132.387215,150.0,top
D260,WS2812B,LED-SMD_4P-L1.6-W1.5_XL-1615RGBC-WS2812B,71.173639,-133.865788,150.0,top
D261,WS2812B,LED-SMD_4P-L1.6-W1.5_XL-1615RGBC-WS2812B,73.728051,-135.338678,150.0,top
D262,WS2812B,LED-SMD_4P-L1.6-W1.5_XL-1615RGBC-WS2812B,76.721815,-136.406961,170.0,top
D263,WS2812B,LED-SMD_4P-L1.6-W1.5_XL-1615RGBC-WS2812B,79.751847,-137.203961,160.0,top
D264,WS2812B,LED-SMD_4P-L1.6-W1.5_XL-1615RGBC-WS2812B,82.428909,-138.174238,160.0,top
D265,WS2812B,LED-SMD_4P-L1.6-W1.5_XL-1615RGBC-WS2812B,85.146618,-140.416877,120.0,top
D266,WS2812B,LED-SMD_4P-L1.6-W1.5_XL-1615RGBC-WS2812B,85.485419,-143.736229,70.0,top
D267,WS2812B,LED-SMD_4P-L1.6-W1.5_XL-1615RGBC-WS2812B,84.206125,-146.320272,60.0,top
D268,WS2812B,LED-SMD_4P-L1.6-W1.5_XL-1615RGBC-WS2812B,82.253288,-148.635103,40.0,top
D269,WS2812B,LED-SMD_4P-L1.6-W1.5_XL-1615RGBC-WS2812B,80.456979,-151.238843,70.0,top
D270,WS2812B,LED-SMD_4P-L1.6-W1.5_XL-1615RGBC-WS2812B,80.0,-154.25,90.0,top
D271,WS2812B,LED-SMD_4P-L1.6-W1.5_XL-1615RGBC-WS2812B,77.000944,-156.159962,0.0,top
D272,WS2812B,LED-SMD_4P-L1.6-W1.5_XL-1615RGBC-WS2812B,74.175,-156.175,0.0,top
D273,WS2812B,LED-SMD_4P-L1.6-W1.5_XL-1615RGBC-WS2812B,71.375,-156.159962,0.0,top
D274,WS2812B,LED-SMD_4P-L1.6-W1.5_XL-1615RGBC-WS2812B,68.471672,-155.895186,-10.0,top
D275,WS2812B,LED-SMD_4P-L1.6-W1.5_XL-1615RGBC-WS2812B,65.639255,-155.157331,-20.0,top
D276,WS2812B,LED-SMD_4P-L1.6-W1.5_XL-1615RGBC-WS2812B,80.0,-158.5,90.0,top
D277,WS2812B,LED-SMD_4P-L1.6-W1.5_XL-1615RGBC-WS2812B,80.759446,-161.815913,105.0,top
D278,WS2812B,LED-SMD_4P-L1.6-W1.5_XL-1615RGBC-WS2812B,82.362629,-164.636212,130.0,top
D279,WS2812B,LED-SMD_4P-L1.6-W1.5_XL-1615RGBC-WS2812B,83.724999,-168.025001,90.0,top
D280,WS2812B,LED-SMD_4P-L1.6-W1.5_XL-1615RGBC-WS2812B,83.725,-171.375,90.0,top
D281,WS2812B,LED-SMD_4P-L1.6-W1.5_XL-1615RGBC-WS2812B,82.714852,-174.403293,50.0,top
D282,WS2812B,LED-SMD_4P-L1.6-W1.5_XL-1615RGBC-WS2812B,81.1806,-176.724356,60.0,top
D283,WS2812B,LED-SMD_4P-L1.6-W1.5_XL-1615RGBC-WS2812B,83.260374,-179.221787,155.0,top
D284,WS2812B,LED-SMD_4P-L1.6-W1.5_XL-1615RGBC-WS2812B,86.099089,-180.164196,170.0,top
D285,WS2812B,LED-SMD_4P-L1.6-W1.5_XL-1615RGBC-WS2812B,89.138734,-180.222519,-170.0,top
D286,WS2812B,LED-SMD_4P-L1.6-W1.5_XL-1615RGBC-WS2812B,92.0,-179.5,-160.0,top
D287,WS2812B,LED-SMD_4P-L1.6-W1.5_XL-1615RGBC-WS2812B,94.858491,-178.980124,180.0,top
D288,WS2812B,LED-SMD_4P-L1.6-W1.5_XL-1615RGBC-WS2812B,97.724519,-178.189711,-150.0,top
D289,WS2812B,LED-SMD_4P-L1.6-W1.5_XL-1615RGBC-WS2812B,100.0,-176.25,-130.0,top
D290,WS2812B,LED-SMD_4P-L1.6-W1.5_XL-1615RGBC-WS2812B,102.75,-174.7,-170.0,top
D291,WS2812B,LED-SMD_4P-L1.6-W1.5_XL-1615RGBC-WS2812B,105.63187,-174.832963,165.0,top
D292,WS2812B,LED-SMD_4P-L1.6-W1.5_XL-1615RGBC-WS2812B,107.925,-177.275,-90.0,top
D293,WS2812B,LED-SMD_4P-L1.6-W1.5_XL-1615RGBC-WS2812B,108.0,-173.75,-90.0,top
D294,WS2812B,LED-SMD_4P-L1.6-W1.5_XL-1615RGBC-WS2812B,108.25,-170.75,-100.0,top
D295,WS2812B,LED-SMD_4P-L1.6-W1.5_XL-1615RGBC-WS2812B,108.75,-167.75,-100.0,top
D296,WS2812B,LED-SMD_4P-L1.6-W1.5_XL-1615RGBC-WS2812B,108.75,-164.75,-80.0,top
D297,WS2812B,LED-SMD_4P-L1.6-W1.5_XL-1615RGBC-WS2812B,107.75,-161.75,-60.0,top
D298,WS2812B,LED-SMD_4P-L1.6-W1.5_XL-1615RGBC-WS2812B,105.75,-159.5,-40.0,top
D299,WS2812B,LED-SMD_4P-L1.6-W1.5_XL-1615RGBC-WS2812B,103.25,-158.0,-20.0,top
D3,MMSZ5227B,D_SOD-123,21.25,-29.65,90.0,top
D300,WS2812B,LED-SMD_4P-L1.6-W1.5_XL-1615RGBC-WS2812B,108.1766,-180.089536,100.0,top
D301,WS2812B,LED-SMD_4P-L1.6-W1.5_XL-1615RGBC-WS2812B,108.525,-182.975,90.0,top
D302,WS2812B,LED-SMD_4P-L1.6-W1.5_XL-1615RGBC-WS2812B,108.2516,-185.835464,80.0,top
D303,WS2812B,LED-SMD_4P-L1.6-W1.5_XL-1615RGBC-WS2812B,107.458652,-188.666321,70.0,top
D304,WS2812B,LED-SMD_4P-L1.6-W1.5_XL-1615RGBC-WS2812B,106.383652,-191.541321,70.0,top
D305,WS2812B,LED-SMD_4P-L1.6-W1.5_XL-1615RGBC-WS2812B,104.235287,-195.72548,60.0,top
D306,WS2812B,LED-SMD_4P-L1.6-W1.5_XL-1615RGBC-WS2812B,102.485289,-198.775481,60.0,top
D307,WS2812B,LED-SMD_4P-L1.6-W1.5_XL-1615RGBC-WS2812B,103.35,-191.75,-40.0,top
D308,WS2812B,LED-SMD_4P-L1.6-W1.5_XL-1615RGBC-WS2812B,100.716321,-190.266348,-20.0,top
D309,WS2812B,LED-SMD_4P-L1.6-W1.5_XL-1615RGBC-WS2812B,97.92414,-189.295623,-20.0,top
D310,WS2812B,LED-SMD_4P-L1.6-W1.5_XL-1615RGBC-WS2812B,100.376472,-201.162132,45.0,top
D311,WS2812B,LED-SMD_4P-L1.6-W1.5_XL-1615RGBC-WS2812B,97.911212,-203.162371,40.0,top
D312,WS2812B,LED-SMD_4P-L1.6-W1.5_XL-1615RGBC-WS2812B,95.561212,-205.187371,40.0,top
D313,WS2812B,LED-SMD_4P-L1.6-W1.5_XL-1615RGBC-WS2812B,93.112929,-207.404209,40.0,top
D314,WS2812B,LED-SMD_4P-L1.6-W1.5_XL-1615RGBC-WS2812B,90.208253,-208.812071,10.0,top
D315,WS2812B,LED-SMD_4P-L1.6-W1.5_XL-1615RGBC-WS2812B,87.288634,-209.19208,5.0,top
D316,WS2812B,LED-SMD_4P-L1.6-W1.5_XL-1615RGBC-WS2812B,84.493717,-209.25,0.0,top
D317,WS2812B,LED-SMD_4P-L1.6-W1.5_XL-1615RGBC-WS2812B,80.25,-209.25,180.0,top
D318,WS2812B,LED-SMD_4P-L1.6-W1.5_XL-1615RGBC-WS2812B,82.25,-211.5,90.0,top
D319,WS2812B,LED-SMD_4P-L1.6-W1.5_XL-1615RGBC-WS2812B,82.5,-214.5,100.0,top
D320,WS2812B,LED-SMD_4P-L1.6-W1.5_XL-1615RGBC-WS2812B,83.5,-217.25,120.0,top
D321,WS2812B,LED-SMD_4P-L1.6-W1.5_XL-1615RGBC-WS2812B,46.337781,-110.031045,30.0,top
D322,WS2812B,LED-SMD_4P-L1.6-W1.5_XL-1615RGBC-WS2812B,43.439236,-110.76002,0.0,top
D4,MM1W5V6,D_SOD-123,19.1,-36.75,180.0,top
D5,MM1W5V6,D_SOD-123,19.1,-34.25,180.0,top
D6,H3V3U10B,D_DFN1006-2L,38.995881,-23.75,180.0,top
D7,Red,D_0805,118.75,-76.25,180.0,top
D8,Red,D_0805,118.75,-70.5,180.0,top
D9,Green,D_0805,118.75,-78.25,180.0,top
F1,"Polyfuse, 2A",Fuse_1206_3216Metric,19.15,-39.25,180.0,top
J1,"Connector, USB-TYPE-C-16P",TYPE-C-SMD_HX-TYPE-C-16PIN,20.1,-213.05,-90.0,top
J2,Test Connector,Test_connector,20.0,-56.5,0.0,top
L1,"15nH,300mA",L_0402,39.992714,-30.435255,180.0,top
L2,2.7nH,L_0402,38.495881,-26.25,90.0,top
Q1,HL3415A,Q_SOT-23,23.8,-37.44,-90.0,top
Q2,MMBT3904,Q_SOT-23,27.2,-37.44,-90.0,top
R1,100kΩ,R_0402,121.0,-66.75,-90.0,top
R10,510kΩ,R_0402,29.5,-35.5,-90.0,top
R11,10kΩ,R_0402,31.5,-35.5,-90.0,top
R12,510kΩ,R_0402,25.0,-32.0,90.0,top
R13,100kΩ,R_0402,24.0,-32.0,90.0,top
R14,10kΩ,R_0402,121.0,-76.25,90.0,top
R15,10kΩ,R_0402,121.000001,-70.5,90.0,top
R16,100kΩ,R_0402,121.0,-78.25,-90.0,top
R17,100kΩ,R_0402,121.0,-72.5,-90.0,top
R2,10kΩ,R_0402,121.0,-64.75,-90.0,top
R3,5.1kΩ,R_0402,35.75,-26.75,-90.0,top
R4,10kΩ,R_0402,32.5,-35.5,90.0,top
R5,10kΩ,R_0402,33.504119,-35.5,90.0,top
R6,5.1kΩ,R_0402,24.0,-215.5,90.0,top
R7,5.1kΩ,R_0402,23.999529,-210.692205,90.0,top
R8,510Ω,R_0402,40.745881,-32.75,90.0,top
R9,100kΩ,R_0402,25.0,-34.5,-90.0,top
S1,"Tactile Button, 160gf",SW-SMD_4P-L5.1-W5.1-P3.70-LS6.5-TL-2,118.975,-94.75,0.0,top
S2,"Tactile Button, 160gf",SW-SMD_4P-L5.1-W5.1-P3.70-LS6.5-TL-2,118.975,-106.75,0.0,top
S3,"Tactile Button, 160gf",SW-SMD_4P-L5.1-W5.1-P3.70-LS6.5-TL-2,118.975,-88.5,0.0,top
S4,"Tactile Button, 160gf",SW-SMD_4P-L5.1-W5.1-P3.70-LS6.5-TL-2,118.975,-100.75,0.0,top
U1,RT9080,TSOT-23-5,18.3,-29.3875,270.0,top
U2,ESP32-C3FH4,QFN-32-1EP_5x5mm_P0.5mm_EP3.7x3.7mm_ThermalVias,36.065881,-31.2,-90.0,top
U3,SN74LV1T34DBV,SOT-23-5,28.6125,-32.5,90.0,top
X1,"40MHz, 15pF",OSC-SMD_4P-L3.2-W2.5-BL_SIT8008BI,42.745881,-31.75,-90.0,top
